"phecode","phenotype","category","total_positives","train_positives","val_positives","test_positives"
"008","Intestinal infection","1","8266","3484","804","3978"
"008.5","Bacterial enteritis","1","7315","3095","667","3553"
"008.52","Intestinal infection due to C. difficile","1","7186","3047","664","3475"
"008.6","Viral Enteritis","1","679","273","61","345"
"010","Tuberculosis","1","773","192","175","406"
"038","Septicemia","1","34627","13963","3852","16812"
"038.1","Gram negative septicemia","1","6051","2338","696","3017"
"038.2","Gram positive septicemia","1","3592","1416","378","1798"
"038.3","Bacteremia","1","4518","1835","476","2207"
"041","Bacterial infection NOS","1","29581","12166","3056","14359"
"041.1","Staphylococcus infections","1","7946","3389","743","3814"
"041.11","Methicillin sensitive Staphylococcus aureus","1","3422","1450","365","1607"
"041.12","Methicillin resistant Staphylococcus aureus","1","3286","1461","253","1572"
"041.2","Streptococcus infection","1","6828","2918","625","3285"
"041.4","E. coli","1","7356","3183","732","3441"
"041.8","H. pylori","1","474","250","42","182"
"041.9","Infection with drug-resistant microorganisms","1","3145","1232","287","1626"
"053","Herpes zoster","1","774","223","120","431"
"053.1","Herpes zoster with nervous system complications","1","350","122","32","196"
"054","Herpes simplex","1","1609","662","136","811"
"070","Viral hepatitis","1","10837","4682","1105","5050"
"070.2","Viral hepatitis B","1","1534","735","155","644"
"070.3","Viral hepatitis C","1","8492","3663","787","4042"
"070.4","Chronic hepatitis","1","459","234","56","169"
"070.9","Hepatitis NOS","1","680","289","82","309"
"071","Human immunodeficiency virus [HIV] disease","1","4097","1447","434","2216"
"071.1","HIV infection, symptomatic","1","1741","544","174","1023"
"078","Viral warts & HPV","1","94","21","12","61"
"079","Viral infection","1","4442","1650","488","2304"
"079.2","Infectious mononucleosis","1","260","60","64","136"
"079.9","Viremia, NOS","1","761","302","53","406"
"080","Postoperative infection","1","5648","2644","465","2539"
"081","Infection/inflammation of internal prosthetic device; implant; and graft","1","4921","2009","500","2412"
"081.1","Graft-versus-host disease","1","986","367","140","479"
"081.11","Acute graft-versus-host disease","1","310","148","73","89"
"081.12","Chronic graft-versus-host disease","1","402","127","53","222"
"090","Sexually transmitted infections (not HIV or hepatitis)","1","172","71","10","91"
"110","Dermatophytosis / Dermatomycosis","1","1045","377","117","551"
"110.1","Dermatophytosis","1","899","301","112","486"
"110.11","Dermatophytosis of nail","1","225","49","8","168"
"110.12","Althete's foot","1","151","86","6","59"
"110.13","Dermatophytosis of the body","1","480","161","86","233"
"110.2","Dermatomycoses","1","147","76","5","66"
"112","Candidiasis","1","9351","3817","1003","4531"
"112.3","Candidiasis of skin and nails","1","446","152","63","231"
"117","Mycoses","1","2288","911","385","992"
"117.4","Aspergillosis","1","1058","389","136","533"
"130","Spirochetal infection","1","105","26","11","68"
"130.1","Lyme disease","1","105","26","11","68"
"132","Infestation (lice, mites)","1","111","37","3","71"
"133","Arthropod-borne diseases","1","159","43","27","89"
"134","Helminthiases","1","117","36","23","58"
"134.1","Intestinal helminthiases","1","95","24","23","48"
"136","Other infectious and parasitic diseases","1","1401","509","123","769"
"145","Cancer of mouth","2","414","128","30","256"
"145.2","Cancer of tongue","2","238","64","20","154"
"149","Cancer of larynx, pharynx, nasal cavities","2","730","252","72","406"
"149.3","Cancer of hypopharynx","2","72","44","5","23"
"149.4","Cancer of larynx","2","378","109","52","217"
"149.5","Hx of malignant neoplasm of oral cavity and pharynx","2","224","88","11","125"
"150","Cancer of esophagus","2","1356","565","182","609"
"151","Cancer of stomach","2","1170","580","54","536"
"153","Colorectal cancer","2","4181","1840","419","1922"
"153.2","Colon cancer","2","3095","1413","291","1391"
"153.3","Malignant neoplasm of rectum, rectosigmoid junction, and anus","2","1126","460","130","536"
"155","Cancer of liver and intrahepatic bile duct","2","2777","1129","265","1383"
"155.1","Malignant neoplasm of liver, primary","2","2360","901","211","1248"
"157","Pancreatic cancer","2","1807","714","199","894"
"158","Neoplasm of unspecified nature of digestive system","2","95","34","26","35"
"159","Malignant neoplasm of other and ill-defined sites within the digestive organs and peritoneum","2","1100","469","140","491"
"159.2","Malignant neoplasm of small intestine, including duodenum","2","102","38","25","39"
"159.3","Malignant neoplasm of gallbladder and extrahepatic bile ducts","2","445","230","35","180"
"159.4","Malignant neoplasm of retroperitoneum and peritoneum","2","118","59","12","47"
"164","Cancer of intrathoracic organs","2","83","39","2","42"
"165","Cancer within the respiratory system","2","9097","3757","783","4557"
"165.1","Cancer of bronchus; lung","2","9009","3724","769","4516"
"170","Cancer of bone and connective tissue","2","359","168","42","149"
"170.1","Bone cancer","2","161","65","42","54"
"170.2","Cancer of connective tissue","2","198","103","0","95"
"172","Skin cancer","2","5744","2537","538","2669"
"172.1","Melanomas of skin, dx or hx","2","2389","1012","158","1219"
"172.11","Melanomas of skin","2","114","45","17","52"
"172.2","Other non-epithelial cancer of skin","2","3482","1580","385","1517"
"172.21","Basal cell carcinoma","2","70","21","1","48"
"172.22","Squamous cell carcinoma","2","127","34","14","79"
"174","Breast cancer","2","6347","2463","774","3110"
"174.1","Breast cancer [female]","2","5071","1979","597","2495"
"174.11","Malignant neoplasm of female breast","2","5038","1953","597","2488"
"175","Acquired absence of breast","2","1120","487","156","477"
"180","Cervical cancer and dysplasia","2","288","152","27","109"
"180.1","Cervical cancer","2","276","151","23","102"
"182","Malignant neoplasm of uterus","2","1002","395","171","436"
"184","Cancer of other female genital organs","2","878","333","54","491"
"184.1","Malignant neoplasm of ovary and other uterine adnexa","2","750","279","54","417"
"184.11","Malignant neoplasm of ovary","2","674","261","47","366"
"185","Cancer of prostate","2","5840","2227","486","3127"
"187","Cancer of other male genital organs","2","195","87","15","93"
"187.2","Malignant neoplasm of testis","2","149","63","14","72"
"189","Cancer of urinary organs (incl. kidney and bladder)","2","4453","1706","533","2214"
"189.1","Cancer of kidney and renal pelvis","2","2450","798","411","1241"
"189.11","Malignant neoplasm of kidney, except pelvis","2","1157","355","153","649"
"189.12","Malignant neoplasm of renal pelvis","2","61","23","8","30"
"189.2","Cancer of bladder","2","2034","907","139","988"
"189.21","Malignant neoplasm of bladder","2","2025","905","138","982"
"191","Manlignant and unknown neoplasms of brain and nervous system","2","804","368","55","381"
"191.1","Cancer of brain and nervous system","2","740","349","44","347"
"191.11","Cancer of brain","2","677","311","44","322"
"193","Thyroid cancer","2","1037","399","44","594"
"194","Cancer of other endocrine glands","2","286","86","13","187"
"195","Cancer, suspected or other","2","2783","1120","297","1366"
"195.1","Malignant neoplasm, other","2","1187","503","125","559"
"197","Chemotherapy","2","6654","2739","743","3172"
"198","Secondary malignant neoplasm","2","13141","5359","1365","6417"
"198.1","Secondary malignancy of lymph nodes","2","3569","1418","350","1801"
"198.2","Secondary malignancy of respiratory organs","2","4121","1625","503","1993"
"198.3","Secondary malignant neoplasm of digestive systems","2","1941","876","196","869"
"198.4","Secondary malignant neoplasm of liver","2","3128","1235","423","1470"
"198.5","Secondary malignancy of brain/spine","2","2147","813","266","1068"
"198.6","Secondary malignancy of bone","2","3429","1397","340","1692"
"198.7","Secondary malignant neoplasm of skin","2","178","50","32","96"
"199","Neoplasm of uncertain behavior","2","409","163","69","177"
"199.4","Neurofibromatosis","2","65","38","2","25"
"200","Myeloproliferative disease","2","3544","1467","395","1682"
"200.1","Polycythemia vera","2","522","192","111","219"
"201","Hodgkin's disease","2","1098","502","90","506"
"202","Cancer of other lymphoid, histiocytic tissue","2","4588","1743","510","2335"
"202.2","Non-Hodgkins lymphoma","2","3884","1481","481","1922"
"202.21","Nodular lymphoma","2","309","95","47","167"
"202.22","Reticulosarcoma","2","401","132","52","217"
"202.23","Lymphosarcoma","2","58","32","2","24"
"204","Leukemia","2","6395","2722","649","3024"
"204.1","Lymphoid leukemia","2","1825","898","180","747"
"204.11","Lymphoid leukemia, acute","2","418","81","63","274"
"204.12","Lymphoid leukemia, chronic","2","1278","791","80","407"
"204.2","Myeloid leukemia","2","2446","963","246","1237"
"204.21","Myeloid leukemia, acute","2","2054","793","195","1066"
"204.22","Myeloid leukemia, chronic","2","358","166","42","150"
"204.4","Multiple myeloma","2","1918","756","199","963"
"208","Benign neoplasm of colon","2","2792","1046","306","1440"
"209","Neuroendocrine tumors","2","70","23","5","42"
"211","Benign neoplasm of other parts of digestive system","2","571","249","65","257"
"212","Benign neoplasm of respiratory and intrathoracic organs","2","128","46","7","75"
"214","Lipoma","2","198","99","8","91"
"214.1","Lipoma of skin and subcutaneous tissue","2","50","20","3","27"
"218","Benign neoplasm of uterus","2","313","170","23","120"
"218.1","Uterine leiomyoma","2","313","170","23","120"
"220","Benign neoplasm of ovary","2","89","24","0","65"
"225","Benign neoplasm of brain and other parts of nervous system","2","721","307","71","343"
"225.1","Benign neoplasm of brain, cranial nerves, meninges","2","675","291","71","313"
"227","Benign neoplasm of other endocrine glands and related structures","2","346","129","37","180"
"227.1","Benign neoplasm of adrenal gland","2","180","50","20","110"
"227.3","Benign neoplasm of pituitary gland and craniopharyngeal duct (pouch)","2","137","51","16","70"
"228","Hemangioma and lymphangioma, any site","2","323","150","5","168"
"240","Simple and unspecified goiter","3","261","111","27","123"
"241","Nontoxic nodular goiter","3","1541","620","189","732"
"241.1","Nontoxic uninodular goiter","3","1018","377","130","511"
"241.2","Nontoxic multinodular goiter","3","471","237","50","184"
"242","Thyrotoxicosis with or without goiter","3","1298","470","145","683"
"242.1","Graves' disease","3","427","152","81","194"
"242.3","Exophthalmos","3","231","77","0","154"
"244","Hypothyroidism","3","21738","8601","2229","10908"
"244.1","Secondary hypothyroidism","3","1509","551","172","786"
"244.2","Acquired hypothyroidism","3","192","65","24","103"
"244.4","Hypothyroidism NOS","3","20046","7997","2032","10017"
"245","Thyroiditis","3","228","129","14","85"
"245.2","Chronic thyroiditis","3","183","118","14","51"
"245.21","Chronic lymphocytic thyroiditis","3","177","115","11","51"
"246","Other disorders of thyroid","3","386","140","12","234"
"246.7","Abnormal results of function study of thyroid","3","221","93","3","125"
"249","Secondary diabetes mellitus","3","1181","507","122","552"
"250","Diabetes mellitus","3","62781","25460","6456","30865"
"250.1","Type 1 diabetes","3","5679","2368","607","2704"
"250.11","Type 1 diabetes with ketoacidosis","3","964","444","95","425"
"250.12","Type 1 diabetes with renal manifestations","3","1431","584","179","668"
"250.13","Type 1 diabetes with ophthalmic manifestations","3","1503","617","195","691"
"250.14","Type 1 diabetes with neurological manifestations","3","1720","778","188","754"
"250.15","Diabetes type 1 with peripheral circulatory disorders","3","265","169","22","74"
"250.2","Type 2 diabetes","3","53379","21499","5576","26304"
"250.21","Type 2 diabetes with ketoacidosis","3","607","165","87","355"
"250.22","Type 2 diabetes with renal manifestations","3","5293","2069","611","2613"
"250.23","Type 2 diabetes with ophthalmic manifestations","3","2858","1180","250","1428"
"250.24","Type 2 diabetes with neurological manifestations","3","5946","2386","672","2888"
"250.25","Diabetes type 2 with peripheral circulatory disorders","3","905","357","128","420"
"250.3","Insulin pump user","3","16061","6561","1790","7710"
"250.4","Abnormal glucose","3","2799","1175","182","1442"
"250.41","Impaired fasting glucose","3","96","66","4","26"
"250.42","Other abnormal glucose","3","2703","1109","178","1416"
"250.6","Polyneuropathy in diabetes","3","4677","1905","549","2223"
"250.7","Diabetic retinopathy","3","4299","1764","456","2079"
"251","Other disorders of pancreatic internal secretion","3","1457","557","162","738"
"251.1","Hypoglycemia","3","1449","557","162","730"
"252","Disorders of parathyroid gland","3","1415","464","139","812"
"252.1","Hyperparathyroidism","3","1185","405","130","650"
"252.2","Hypoparathyroidism","3","222","57","6","159"
"253","Disorders of the pituitary gland and its hypothalamic control","3","3932","1717","232","1983"
"253.1","Pituitary hyperfunction","3","96","58","6","32"
"253.2","Pituitary hypofunction","3","228","148","9","71"
"253.3","Diabetes insipidus","3","436","126","43","267"
"253.7","Other disorders of neurohypophysis","3","3230","1437","161","1632"
"255","Disorders of adrenal glands","3","2520","988","396","1136"
"255.1","Adrenal hyperfunction","3","213","59","62","92"
"255.11","Cushing's syndrome","3","95","27","33","35"
"255.12","Hyperaldosteronism","3","118","32","29","57"
"255.2","Adrenal hypofunction","3","2033","821","338","874"
"255.21","Glucocorticoid deficiency","3","1749","655","321","773"
"255.22","Mineralocorticoid deficiency","3","90","47","0","43"
"256","Ovarian dysfunction","3","152","79","7","66"
"256.4","Polycystic ovaries","3","142","76","7","59"
"257","Testicular dysfunction","3","429","232","18","179"
"257.1","Testicular hypofunction","3","423","228","18","177"
"258","Iatrogenic endocrine disorders","3","180","98","8","74"
"260","Protein-calorie malnutrition","3","19722","8039","2008","9675"
"260.1","Cachexia","3","2929","1278","258","1393"
"260.2","severe protein-calorie malnutrition","3","4187","1814","342","2031"
"260.22","Nutritional marasmus","3","1374","561","99","714"
"260.3","Adult failure to thrive","3","2556","948","299","1309"
"260.6","Anorexia","3","190","84","11","95"
"261","Vitamin deficiency","3","4347","1644","486","2217"
"261.2","Vitamin B-complex deficiencies","3","1584","590","158","836"
"261.4","Vitamin D deficiency","3","2651","1011","253","1387"
"262","Mineral deficiency NEC","3","182","83","9","90"
"263","Other nutritional deficiency","3","159","78","12","69"
"264","Lack of normal physiological development","3","150","43","26","81"
"264.9","Lack of normal physiological development, unspecified","3","128","39","25","64"
"269","Proteinuria","3","199","71","22","106"
"270","Disorders of protein plasma/amino-acid transport and metabolism","3","3798","1638","269","1891"
"270.1","Disturbances of amino-acid transport","3","64","24","8","32"
"270.2","Disorders of amino-acid metabolism","3","171","107","19","45"
"270.21","Disorders of urea cycle metabolism","3","82","26","19","37"
"270.3","Disorders of plasma protein metabolism","3","3571","1507","242","1822"
"270.32","Paraproteinemia","3","1005","374","68","563"
"270.33","Amyloidosis","3","1020","385","57","578"
"270.34","Alpha-1-antitrypsin deficiency","3","73","42","6","25"
"270.35","Macroglobulinemia","3","75","24","11","40"
"270.38","Other specified disorders of plasma protein metabolism","3","1456","714","104","638"
"271","Disorders of carbohydrate transport and metabolism","3","351","112","29","210"
"271.3","Intestinal disaccharidase deficiencies and disaccharide malabsorption","3","233","84","16","133"
"271.9","Other disorders of carbohydrate transport and metabolism","3","118","28","13","77"
"272","Disorders of lipoid metabolism","3","65768","26317","6483","32968"
"272.1","Hyperlipidemia","3","65754","26315","6483","32956"
"272.11","Hypercholesterolemia","3","14984","6294","1321","7369"
"272.12","Hyperglyceridemia","3","586","210","25","351"
"272.13","Mixed hyperlipidemia","3","139","35","0","104"
"274","Gout and other crystal arthropathies","3","10491","3628","1309","5554"
"274.1","Gout","3","10211","3531","1265","5415"
"274.11","Gouty arthropathy","3","977","384","151","442"
"274.2","Crystal arthropathies","3","305","102","48","155"
"274.21","Chondrocalcinosis","3","305","102","48","155"
"275","Disorders of mineral metabolism","3","10744","4254","1171","5319"
"275.1","Disorders of iron metabolism","4","473","166","83","224"
"275.2","Disorders of copper metabolism","3","72","37","4","31"
"275.3","Disorders of magnesium metabolism","3","2595","1028","236","1331"
"275.5","Disorders of calcium/phosphorus metabolism","3","7044","2759","783","3502"
"275.51","Hypocalcemia","3","2465","1032","254","1179"
"275.53","Disorders of phosphorus metabolism","3","5076","2018","544","2514"
"275.6","Hypercalcemia","3","1787","670","201","916"
"276","Disorders of fluid, electrolyte, and acid-base balance","3","73054","29367","7849","35838"
"276.1","Electrolyte imbalance","3","48924","19682","5163","24079"
"276.11","Hyperosmolality and/or hypernatremia","3","15016","6076","1641","7299"
"276.12","Hyposmolality and/or hyponatremia","3","21944","8768","2454","10722"
"276.13","Hyperpotassemia","3","12921","5071","1334","6516"
"276.14","Hypopotassemia","3","9781","3953","904","4924"
"276.4","Acid-base balance disorder","3","31710","13199","3262","15249"
"276.41","Acidosis","3","22569","9116","2405","11048"
"276.42","Alkalosis","3","6126","2485","635","3006"
"276.5","Hypovolemia","3","12984","5176","1367","6441"
"276.6","Fluid overload","3","8958","3697","1042","4219"
"276.8","Polydipsia","3","73","40","8","25"
"277","Other disorders of metabolism","3","1244","530","107","607"
"277.4","Disorders of bilirubin excretion","3","539","213","59","267"
"277.7","Dysmetabolic syndrome X","3","192","128","12","52"
"278","Overweight, obesity and other hyperalimentation","3","20390","7883","2208","10299"
"278.1","Obesity","3","18695","7275","2060","9360"
"278.11","Morbid obesity","3","9680","3947","1051","4682"
"278.4","Abnormal weight gain","3","83","27","7","49"
"279","Disorders involving the immune mechanism","3","1693","720","229","744"
"279.1","Immunity deficiency","3","1447","645","222","580"
"279.11","Deficiency of humoral immunity","3","1358","604","207","547"
"279.2","Autoimmune disease NEC","3","71","40","0","31"
"279.7","Other immunological findings","3","175","33","5","137"
"280","Iron deficiency anemias","4","7199","2861","750","3588"
"280.1","Iron deficiency anemias, unspecified or not due to blood loss","4","5034","1957","557","2520"
"280.2","Iron deficiency anemia secondary to blood loss (chronic)","4","2183","914","194","1075"
"281","Other deficiency anemia","4","2295","925","321","1049"
"281.1","Megaloblastic anemia","4","717","301","87","329"
"281.11","Pernicious anemia","4","245","66","22","157"
"281.12","Other vitamin B12 deficiency anemia","4","305","149","54","102"
"281.13","Folate-deficiency anemia","4","126","66","14","46"
"281.9","Deficiency anemias","4","1568","623","234","711"
"282","Hereditary hemolytic anemias","4","1542","452","228","862"
"282.5","Sickle cell anemia","4","912","248","177","487"
"282.8","Other hemoglobinopathies","4","496","164","38","294"
"282.9","Other hereditary hemolytic anemias","4","180","52","16","112"
"283","Acquired hemolytic anemias","4","829","365","120","344"
"283.1","Autoimmune hemolytic anemias","4","333","111","55","167"
"283.2","Non-autoimmune hemolytic anemias","4","126","71","19","36"
"284","Aplastic anemia","4","6141","2515","569","3057"
"284.1","Pancytopenia","4","5943","2380","565","2998"
"285","Other anemias","4","54727","21630","5628","27469"
"285.1","Acute posthemorrhagic anemia","4","18989","7339","2003","9647"
"285.2","Anemia of chronic disease","4","12019","4876","1227","5916"
"285.21","Anemia in chronic kidney disease","4","4865","2003","556","2306"
"285.22","Anemia in neoplastic disease","4","2160","885","210","1065"
"286","Coagulation defects","4","35648","14569","3488","17591"
"286.1","Congenital coagulation defects","4","322","105","98","119"
"286.11","Von willebrand's disease","4","95","26","12","57"
"286.12","Congenital deficiency of other clotting factors (including factor VII)","4","135","41","54","40"
"286.2","Encounter for long-term (current) use of anticoagulants","4","18500","7635","1772","9093"
"286.4","Acquired coagulation factor deficiency","4","4706","1820","352","2534"
"286.5","Hemorrhagic disorder due to intrinsic circulating anticoagulants","4","64","29","2","33"
"286.6","Defibrination syndrome","4","1402","652","82","668"
"286.7","Other and unspecified coagulation defects","4","7043","2818","852","3373"
"286.8","Hypercoagulable state","4","1500","518","227","755"
"286.81","Primary hypercoagulable state","4","1301","448","200","653"
"286.9","Abnormal coagulation profile","4","6211","2589","631","2991"
"287","Purpura and other hemorrhagic conditions","4","22522","8746","2462","11314"
"287.1","Spontaneous ecchymoses","4","229","92","7","130"
"287.3","Thrombocytopenia","4","22334","8652","2447","11235"
"287.31","Primary thrombocytopenia","4","576","277","63","236"
"287.32","Secondary thrombocytopenia","4","4957","1922","503","2532"
"288","Diseases of white blood cells","4","16601","6657","1592","8352"
"288.1","Decreased white blood cell count","4","5546","2313","515","2718"
"288.11","Neutropenia","4","4569","1910","386","2273"
"288.2","Elevated white blood cell count","4","9707","3858","933","4916"
"288.3","Eosinophilia","4","1372","538","141","693"
"289","Other diseases of blood and blood-forming organs","4","3908","1523","478","1907"
"289.1","Myelofibrosis","4","286","126","57","103"
"289.4","Lymphadenitis","4","1401","574","165","662"
"289.5","Diseases of spleen","4","1131","449","120","562"
"289.8","Polycythemia, secondary","4","112","30","34","48"
"289.9","Abnormality of red blood cells","4","751","274","80","397"
"290","Delirium dementia and amnestic and other cognitive disorders","5","18698","7415","1881","9402"
"290.1","Dementias","5","9414","3630","820","4964"
"290.11","Alzheimer's disease","5","1724","638","124","962"
"290.12","Dementia with cerebral degenerations","5","625","224","46","355"
"290.13","Senile dementia","5","417","168","46","203"
"290.16","Vascular dementia","5","884","332","74","478"
"290.2","Delirium due to conditions classified elsewhere","5","10005","4036","1130","4839"
"290.3","Other persistent mental disorders due to conditions classified elsewhere","5","437","159","50","228"
"291","Other specified nonpsychotic and/or transient mental disorders","5","4533","1938","480","2115"
"291.1","Transient mental disorders due to conditions classified elsewhere","5","218","50","18","150"
"291.4","Specific nonpsychotic mental disorders due to brain damage","5","217","66","22","129"
"291.8","Alteration of consciousness","5","4152","1828","440","1884"
"292","Neurological disorders","5","16757","6794","1868","8095"
"292.1","Aphasia/speech disturbance","5","6031","2485","752","2794"
"292.11","Aphasia","5","3348","1408","412","1528"
"292.12","Symbolic dysfunction","5","204","87","22","95"
"292.2","Mild cognitive impairment","5","545","189","41","315"
"292.3","Memory loss","5","474","178","49","247"
"292.4","Altered mental status","5","9191","3726","999","4466"
"292.6","Hallucinations","5","436","176","37","223"
"293","Symptoms involving head and neck","5","618","190","53","375"
"293.1","Swelling, mass, or lump in head and neck [Space-occupying lesion, intracranial NOS]","5","446","113","40","293"
"295","Schizophrenia and other psychotic disorders","5","3962","1409","428","2125"
"295.1","Schizophrenia","5","2550","883","302","1365"
"295.2","Paranoid disorders","5","324","128","38","158"
"295.3","Psychosis","5","1126","416","90","620"
"296","Mood disorders","5","31376","12544","3237","15595"
"296.1","Bipolar","5","4110","1722","317","2071"
"296.2","Depression","5","26858","10640","2850","13368"
"296.22","Major depressive disorder","5","8627","3499","887","4241"
"297","Suicidal ideation or attempt","5","2956","1282","262","1412"
"297.1","Suicidal ideation","5","1968","852","211","905"
"297.2","Suicide or self-inflicted injury","5","1086","468","56","562"
"300","Anxiety disorders","5","22521","9486","2343","10692"
"300.1","Anxiety disorder","5","20600","8543","2204","9853"
"300.11","Generalized anxiety disorder","5","292","114","37","141"
"300.12","Agorophobia, social phobia, and panic disorder","5","786","332","70","384"
"300.13","Phobia","5","149","62","7","80"
"300.3","Obsessive-compulsive disorders","5","289","119","9","161"
"300.4","Dysthymic disorder","5","868","498","65","305"
"300.8","Acute reaction to stress","5","56","21","2","33"
"300.9","Posttraumatic stress disorder","5","1707","688","128","891"
"301","Personality disorders","5","623","254","81","288"
"301.2","Antisocial/borderline personality disorder","5","418","164","63","191"
"303","Psychogenic and somatoform disorders","5","265","109","38","118"
"303.3","Psychogenic disorder","5","117","48","3","66"
"303.4","Somatoform disorder","5","108","37","33","38"
"304","Adjustment reaction","5","1127","597","131","399"
"305.2","Eating disorder","5","628","305","29","294"
"305.21","Anorexia nervosa","5","385","224","13","148"
"306","Other mental disorder","5","274","95","16","163"
"306.9","Tension headache","5","114","40","4","70"
"312","Conduct disorders","5","165","68","25","72"
"313","Pervasive developmental disorders","5","1298","588","134","576"
"313.1","Attention deficit hyperactivity disorder","5","1089","528","111","450"
"313.2","Tics and stuttering","5","76","20","16","40"
"313.3","Autism","5","136","40","7","89"
"315","Develomental delays and disorders","5","3254","1175","379","1700"
"315.1","Learning disorder","5","92","30","18","44"
"315.3","Mental retardation","5","1033","282","147","604"
"316","Substance addiction and disorders","5","8781","3819","904","4058"
"316.1","Polyneuropathy due to drugs","5","228","85","17","126"
"317","Alcohol-related disorders","5","20529","8489","2269","9771"
"317.1","Alcoholism","5","16881","7076","1750","8055"
"317.11","Alcoholic liver damage","5","7225","3034","671","3520"
"318","Tobacco use disorder","5","58576","23643","6260","28673"
"320","Meningitis","6","1104","465","91","548"
"323","Encephalitis","6","930","365","63","502"
"323.8","Encephalitis, non-infectious","6","567","192","46","329"
"324","Other CNS infection and poliomyelitis","6","1686","797","242","647"
"325","Phlebitis and thrombophlebitis of intracranial venous sinuses","6","51","21","10","20"
"327","Sleep disorders","6","21293","8460","2457","10376"
"327.3","Sleep apnea","6","16039","6312","1852","7875"
"327.31","Central/nonobstroctive sleep apnea","6","165","63","5","97"
"327.32","Obstructive sleep apnea","6","15183","5915","1796","7472"
"327.4","Insomnia","6","4723","1919","466","2338"
"327.7","Sleep related movement disorders","6","1664","715","248","701"
"327.71","Restless legs syndrome","6","1651","707","246","698"
"331","Other cerebral degenerations","6","3349","1498","339","1512"
"331.1","Hydrocephalus","6","2973","1313","296","1364"
"331.9","Cerebral degeneration, unspecified","6","209","86","38","85"
"332","Parkinson's disease","6","2238","857","213","1168"
"333","Extrapyramidal disease and abnormal movement disorders","6","2151","1089","163","899"
"333.1","Essential tremor","6","884","452","93","339"
"333.2","Myoclonus","6","596","387","33","176"
"333.3","Tics and choreas","6","75","27","21","27"
"333.4","Torsion dystonia","6","302","110","11","181"
"333.8","Other degenerative diseases of the basal ganglia","6","90","26","4","60"
"334","Degenerative disease of the spinal cord","6","1354","597","180","577"
"334.1","Spinocerebellar disease","6","127","48","21","58"
"334.2","Anterior horn cell disease","6","167","65","22","80"
"334.21","Amyotrophic Lateral Sclerosis","6","134","55","12","67"
"335","Multiple sclerosis","6","1422","601","124","697"
"337","Disorders of the autonomic nervous system","6","1110","493","90","527"
"337.1","Peripheral autonomic neuropathy","6","381","148","15","218"
"338","Pain","6","9625","3701","1111","4813"
"338.1","Acute pain","6","2205","870","291","1044"
"338.2","Chronic pain","6","7859","2959","856","4044"
"339","Other headache syndromes","6","4826","1959","560","2307"
"340","Migraine","6","2985","1310","275","1400"
"340.1","Migrain with aura","6","125","44","7","74"
"341","Other demyelinating diseases of central nervous system","6","193","102","4","87"
"342","Hemiplegia","6","5006","2059","637","2310"
"343","Infantile cerebral palsy","6","535","147","74","314"
"344","Other paralytic syndromes","6","2468","881","207","1380"
"345","Epilepsy, recurrent seizures, convulsions","6","15382","6158","1596","7628"
"345.1","Epilepsy","6","4840","1955","442","2443"
"345.11","Generalized convulsive epilepsy","6","588","219","71","298"
"345.12","Partial epilepsy","6","898","336","112","450"
"345.3","Convulsions","6","4592","2042","364","2186"
"347","Cataplexy and narcolepsy","6","91","37","12","42"
"348","Other conditions of brain","6","19228","8328","1937","8963"
"348.2","Cerebral edema and compression of brain","6","6515","2633","648","3234"
"348.4","Cerebral cysts","6","93","51","3","39"
"348.7","Coma","6","1165","504","125","536"
"348.8","Encephalopathy, not elsewhere classified","6","11167","4945","1163","5059"
"348.9","Other conditions of brain, NOS","6","1210","610","58","542"
"349","Other and unspecified disorders of the nervous system","6","10798","4425","987","5386"
"350","Abnormal movement","6","3696","1500","390","1806"
"350.1","Abnormal involuntary movements","6","1076","503","94","479"
"350.2","Abnormality of gait","6","1711","693","170","848"
"350.3","Lack of coordination","6","935","341","124","470"
"351","Other peripheral nerve disorders","6","1820","629","151","1040"
"352","Disorders of other cranial nerves","6","850","332","64","454"
"352.1","Trigeminal nerve disorders [CN5]","6","235","102","2","131"
"352.2","Facial nerve disorders [CN7]","6","529","171","60","298"
"353","Nerve root and plexus disorders","6","211","113","14","84"
"353.1","Nerve plexus lesions","6","82","23","2","57"
"355","Complex regional/central pain syndrome","6","591","242","34","315"
"355.1","Chronic pain syndrome","6","484","218","29","237"
"356","Hereditary and idiopathic peripheral neuropathy","6","2459","929","323","1207"
"357","Inflammatory and toxic neuropathy","6","1941","744","315","882"
"358","Myoneural disorders","6","735","302","54","379"
"358.1","Myasthenia gravis","6","612","210","52","350"
"359","Muscular dystrophies and other myopathies","6","1374","556","173","645"
"359.1","Muscular dystrophies","6","171","62","9","100"
"359.2","Myopathy","6","1203","494","164","545"
"362","Other retinal disorders","7","1875","831","191","853"
"362.2","Degeneration of macula and posterior pole of retina","7","1305","632","114","559"
"362.21","Macular degeneration, dry","7","55","24","8","23"
"362.29","Macular degeneration (senile) of retina NOS","7","1134","520","91","523"
"362.3","Other nondiabetic retinopathy","7","166","44","29","93"
"362.4","Retinal vascular changes and abnomalities","7","204","66","46","92"
"362.8","Retinal hemorrhage/ischemia","7","145","57","0","88"
"364","Corneal opacity and other disorders of cornea","7","232","125","9","98"
"364.4","Corneal degenerations","7","107","53","0","54"
"364.9","Cornea replaced by transplant","7","81","40","9","32"
"365","Glaucoma","7","4281","1677","413","2191"
"365.1","Open-angle glaucoma","7","286","123","47","116"
"366","Cataract","7","1594","816","114","664"
"367","Disorders of refraction and accommodation; blindness and low vision","7","2195","943","198","1054"
"367.9","Blindness and low vision","7","2132","933","193","1006"
"368","Visual disturbances","7","2625","1026","322","1277"
"368.2","Diplopia and disorders of binocular vision","7","504","254","52","198"
"368.4","Visual field defects","7","816","336","79","401"
"368.9","Subjective visual disturbances","7","386","123","36","227"
"368.91","Psychophysical visual disturbances","7","226","64","26","136"
"369","Infection of the eye","7","820","308","82","430"
"369.2","Eye infection, viral","7","86","46","13","27"
"369.5","Conjunctivitis, infectious","7","716","264","50","402"
"371","Inflammation of the eye","7","362","141","59","162"
"371.1","Uveitis, noninfectious or NOS","7","181","66","47","68"
"371.3","Inflammation of eyelids","7","116","59","12","45"
"372","Disorders of conjunctiva","7","710","213","55","442"
"374","Other disorders of eyelids","7","494","205","74","215"
"374.3","Ptosis of eyelid","7","382","132","53","197"
"375","Disorders of lacrimal system","7","220","57","33","130"
"375.1","Dry eyes","7","217","56","31","130"
"377","Disorders of optic nerve and visual pathways","7","249","77","60","112"
"377.3","Optic neuritis/neuropathy","7","200","55","58","87"
"378","Strabismus and other disorders of binocular eye movements","7","1232","548","149","535"
"378.1","Strabismus (not specified as paralytic)","7","167","60","1","106"
"378.2","Nystagmus and other irregular eye movements","7","362","159","37","166"
"378.5","Paralytic strabismus","7","531","223","105","203"
"379","Other disorders of eye","7","1209","527","163","519"
"379.2","Disorders of vitreous body","7","222","92","9","121"
"379.4","Anomalies of pupillary function","7","670","317","146","207"
"379.9","Pain, swelling or discharge of eye","7","164","63","7","94"
"380","Disorders of external ear","7","366","124","24","218"
"380.1","Otitis externa","7","129","27","11","91"
"380.4","Impacted cerumen","7","234","95","13","126"
"381","Otitis media and Eustachian tube disorders","7","401","177","16","208"
"381.1","Otitis media","7","236","89","15","132"
"381.11","Suppurative and unspecified otitis media","7","216","78","15","123"
"381.2","Eustachian tube disorders","7","52","22","0","30"
"381.3","Mastoiditis & related conditions","7","90","48","0","42"
"382","Otalgia","7","83","48","4","31"
"386","Vertiginous syndromes and other disorders of vestibular system","7","5101","1976","598","2527"
"386.1","Meniere's disease","7","93","36","11","46"
"386.2","Peripheral or central vertigo","7","410","113","69","228"
"386.3","Labyrinthitis","7","74","24","30","20"
"386.9","Dizziness and giddiness (Light-headedness and vertigo)","7","4536","1804","490","2242"
"389","Hearing loss","7","2745","1115","287","1343"
"389.1","Sensorineural hearing loss","7","297","122","16","159"
"389.2","Conductive hearing loss","7","75","37","5","33"
"389.4","Tinnitus","7","145","72","10","63"
"394","Rheumatic disease of the heart valves","8","6082","2328","670","3084"
"394.1","Mitral valve stenosis and aortic valve stenosis","8","2267","828","332","1107"
"394.2","Mitral valve disease","8","327","127","36","164"
"394.4","Acute rheumatic heart disease","8","147","50","27","70"
"394.7","Disease of tricuspid valve","8","3055","1110","309","1636"
"395","Heart valve disorders","8","16981","6411","2044","8526"
"395.1","Nonrheumatic mitral valve disorders","8","6835","2624","745","3466"
"395.2","Nonrheumatic aortic valve disorders","8","6300","2337","811","3152"
"395.3","Nonrheumatic tricuspid valve disorders","8","348","198","10","140"
"395.6","Heart valve replaced","8","4656","1758","578","2320"
"396","Abnormal heart sounds","8","225","96","23","106"
"401","Hypertension","8","118437","47940","12031","58466"
"401.1","Essential hypertension","8","87261","35665","8672","42924"
"401.2","Hypertensive heart and/or renal disease","8","31097","12207","3307","15583"
"401.21","Hypertensive heart disease","8","1119","534","148","437"
"401.22","Hypertensive chronic kidney disease","8","27958","10940","2984","14034"
"401.3","Other hypertensive complications","8","378","168","71","139"
"402","Elevated blood pressure reading without diagnosis of hypertension","8","267","108","41","118"
"411","Ischemic Heart Disease","8","49619","19837","4965","24817"
"411.1","Unstable angina (intermediate coronary syndrome)","8","2220","941","240","1039"
"411.2","Myocardial infarction","8","21508","8394","2149","10965"
"411.3","Angina pectoris","8","1744","758","170","816"
"411.4","Coronary atherosclerosis","8","41563","16445","4175","20943"
"411.41","Aneurysm and dissection of heart","8","351","95","46","210"
"411.8","Other chronic ischemic heart disease, unspecified","8","3677","1455","372","1850"
"411.9","Other acute and subacute forms of ischemic heart disease","8","3778","1683","309","1786"
"414","Other forms of chronic heart disease","8","976","314","87","575"
"415","Pulmonary heart disease","8","21454","7996","2418","11040"
"415.1","Acute pulmonary heart disease","8","4974","1867","595","2512"
"415.11","Pulmonary embolism and infarction, acute","8","4864","1836","541","2487"
"415.2","Chronic pulmonary heart disease","8","11979","4324","1344","6311"
"415.21","Primary pulmonary hypertension","8","132","60","27","45"
"416","Cardiomegaly","8","376","173","28","175"
"418","Nonspecific chest pain","8","33821","13892","3204","16725"
"418.1","Precordial pain","8","306","111","32","163"
"420","Carditis","8","6651","2812","766","3073"
"420.1","Myocarditis","8","108","39","7","62"
"420.2","Pericarditis","8","4727","1985","540","2202"
"420.21","Acute pericarditis","8","862","357","149","356"
"420.22","Chronic pericarditis","8","784","319","51","414"
"420.3","Endocarditis","8","1914","803","222","889"
"425","Cardiomyopathy","8","9069","3599","804","4666"
"425.1","Primary/intrinsic cardiomyopathies","8","7173","2729","578","3866"
"425.11","Hypertrophic obstructive cardiomyopathy","8","288","118","50","120"
"425.12","Other hypertrophic cardiomyopathy","8","251","105","7","139"
"425.2","Secondary/extrinsic cardiomyopathies","8","794","288","78","428"
"425.8","Other cardiomyopathy","8","1202","613","150","439"
"426","Cardiac conduction disorders","8","16360","6629","1597","8134"
"426.2","Atrioventricular [AV] block","8","3885","1505","401","1979"
"426.21","First degree AV block","8","557","198","63","296"
"426.22","Mobitz II AV block","8","294","111","13","170"
"426.23","Second degree AV block","8","865","401","61","403"
"426.24","Atrioventricular block, complete","8","2051","794","250","1007"
"426.25","Other heart block","8","66","20","5","41"
"426.3","Bundle branch block","8","3762","1397","285","2080"
"426.31","Right bundle branch block","8","1476","620","98","758"
"426.32","Left bundle branch block","8","2140","738","167","1235"
"426.4","Anomalous atrioventricular excitation","8","66","27","17","22"
"426.7","Abnormal electrocardiogram [ECG] [EKG]","8","1399","586","127","686"
"426.8","Other cardiac conduction disorders","8","557","203","63","291"
"426.9","Cardiac pacemaker/device in situ","8","8293","3414","818","4061"
"426.91","Cardiac pacemaker in situ","8","5213","2169","470","2574"
"426.92","Cardiac defibrillator in situ","8","3037","1255","343","1439"
"427","Cardiac dysrhythmias","8","69595","27941","6949","34705"
"427.1","Paroxysmal tachycardia, unspecified","8","8816","3603","871","4342"
"427.11","Paroxysmal supraventricular tachycardia","8","2306","928","270","1108"
"427.12","Paroxysmal ventricular tachycardia","8","6537","2719","584","3234"
"427.2","Atrial fibrillation and flutter","8","47514","19066","4867","23581"
"427.21","Atrial fibrillation","8","45450","18192","4636","22622"
"427.22","Atrial flutter","8","5732","2250","610","2872"
"427.3","Other specified cardiac dysrhythmias","8","10175","4118","1008","5049"
"427.4","Cardiac arrest and ventricular fibrillation","8","6754","2574","671","3509"
"427.41","Ventricular fibrillation and flutter","8","1408","472","141","795"
"427.42","Cardiac arrest","8","6010","2323","594","3093"
"427.5","Arrhythmia (cardiac) NOS","8","115","46","5","64"
"427.6","Premature beats","8","611","247","85","279"
"427.61","Supraventricular premature beats","8","123","51","10","62"
"427.7","Tachycardia NOS","8","5506","2149","563","2794"
"427.8","Sinoatrial node dysfunction (Bradycardia)","8","1658","557","194","907"
"427.9","Palpitations","8","2575","1104","224","1247"
"428","Congestive heart failure; nonhypertensive","8","48153","19232","5068","23853"
"428.1","Congestive heart failure (CHF) NOS","8","35885","14235","3800","17850"
"428.2","Heart failure NOS","8","424","210","23","191"
"428.3","Heart failure with reduced EF [Systolic or combined heart failure]","8","18999","7314","1787","9898"
"428.4","Heart failure with preserved EF [Diastolic heart failure]","8","17114","6724","2035","8355"
"429","Ill-defined descriptions and complications of heart disease","8","5121","2031","415","2675"
"429.1","Heart transplant/surgery","8","753","429","38","286"
"429.2","Abnormal function study of cardiovascular system","8","205","86","15","104"
"429.3","Symptoms involving cardiovascular system","8","109","43","19","47"
"429.9","Cardiac complications, not elsewhere classified","8","4316","1594","370","2352"
"430","Intracranial hemorrhage","8","7207","3100","794","3313"
"430.1","Subarachnoid hemorrhage","8","2076","849","279","948"
"430.2","Intracerebral hemorrhage","8","4416","2019","490","1907"
"430.3","Subdural hemorrhage","8","1190","422","145","623"
"433","Cerebrovascular disease","8","25726","10529","2730","12467"
"433.1","Occlusion and stenosis of precerebral arteries","8","4406","1731","466","2209"
"433.11","Occlusion of cerebral arteries, with cerebral infarction","8","988","392","113","483"
"433.12","Cerebral atherosclerosis","8","940","344","75","521"
"433.2","Occlusion of cerebral arteries","8","7378","2871","840","3667"
"433.21","Cerebral artery occlusion, with cerebral infarction","8","7289","2815","838","3636"
"433.3","Cerebral ischemia","8","11367","4797","1170","5400"
"433.31","Transient cerebral ischemia","8","11296","4749","1166","5381"
"433.5","Cerebral aneurysm","8","447","211","54","182"
"433.8","Late effects of cerebrovascular disease","8","5185","2145","604","2436"
"440","Atherosclerosis","8","4409","1772","493","2144"
"440.1","Atherosclerosis of renal artery","8","339","163","24","152"
"440.2","Atherosclerosis of the extremities","8","3406","1408","351","1647"
"440.21","Atherosclerosis of native arteries of the extremities with ulceration or gangrene","8","1498","639","137","722"
"440.22","Atherosclerosis of native arteries of the extremities with intermittent claudication","8","343","134","31","178"
"440.9","Atherosclerosis of aorta","8","506","116","72","318"
"441","Vascular insufficiency of intestine","8","3465","1520","412","1533"
"441.1","Acute vascular insufficiency of intestine","8","2061","861","258","942"
"441.2","Chronic vascular insufficiency of intestine","8","524","261","56","207"
"442","Other aneurysm","8","6164","2410","627","3127"
"442.1","Aortic aneurysm","8","4355","1558","459","2338"
"442.11","Abdominal aortic aneurysm","8","2115","778","129","1208"
"442.2","Aneurysm of iliac artery","8","259","81","19","159"
"442.3","Aneurysm of artery of lower extremity","8","606","363","66","177"
"442.4","Arterial dissection","8","680","293","47","340"
"442.8","Aneurysm of other specified artery","8","640","215","65","360"
"443","Peripheral vascular disease","8","7098","2916","661","3521"
"443.1","Raynaud's syndrome","8","613","222","47","344"
"443.7","Peripheral angiopathy in diseases classified elsewhere","8","341","146","38","157"
"443.8","Other specified peripheral vascular diseases","8","118","49","28","41"
"443.9","Peripheral vascular disease, unspecified","8","6066","2514","550","3002"
"444","Arterial embolism and thrombosis","8","2051","800","184","1067"
"444.1","Arterial embolism and thrombosis of lower extremity artery","8","870","251","59","560"
"444.2","Embolism and thrombosis of abdominal aorta","8","227","97","22","108"
"444.5","Atheroembolism","8","60","31","6","23"
"446","Polyarteritis nodosa and allied conditions","8","1119","422","170","527"
"446.3","Hypersensitivity angiitis","8","211","78","19","114"
"446.4","Wegener's granulomatosis","8","337","115","100","122"
"446.5","Giant cell arteritis","8","264","112","29","123"
"446.6","Polyarteritis nodosa","8","157","40","71","46"
"446.9","Arteritis NOS","8","201","67","3","131"
"447","Other disorders of arteries and arterioles","8","1029","429","82","518"
"447.1","Stricture of artery","8","293","148","42","103"
"447.7","Aortic ectasia","8","231","119","7","105"
"450","Noninfectious disorders of lymphatic channels","8","1144","500","291","353"
"451","Phlebitis and thrombophlebitis","8","1221","511","130","580"
"451.2","Phlebitis and thrombophlebitis of lower extremities","8","125","49","1","75"
"452","Other venous embolism and thrombosis","8","18221","7413","1986","8822"
"452.1","Iatrogenic pulmonary embolism and infarction","8","347","194","53","100"
"452.2","Deep vein thrombosis [DVT]","8","7136","2758","845","3533"
"454","Varicose veins","8","1037","411","92","534"
"454.1","Varicose veins of lower extremity","8","222","54","24","144"
"455","Hemorrhoids","8","1787","717","146","924"
"456","Chronic venous insufficiency [CVI]","8","2628","955","301","1372"
"457","Encounter for long-term (current) use of anticoagulants, antithrombotics, aspirin","8","10590","4457","845","5288"
"457.2","Encounter for long-term (current) use of antiplatelets/antithrombotics","8","1504","586","103","815"
"457.3","Encounter for long-term (current) use of aspirin","8","9982","4165","808","5009"
"458","Hypotension","8","21054","8779","2183","10092"
"458.1","Orthostatic hypotension","8","2426","1025","171","1230"
"458.2","Iatrogenic hypotension","8","7091","2924","730","3437"
"458.9","Hypotension NOS","8","10329","4353","1085","4891"
"459","Other disorders of circulatory system","8","2047","802","250","995"
"459.1","Hemorrhage NOS","8","277","134","15","128"
"459.7","Blood vessel replaced","8","128","44","0","84"
"459.9","Circulatory disease NEC","8","996","369","164","463"
"464","Acute sinusitis","9","572","255","47","270"
"465","Acute upper respiratory infections of multiple or unspecified sites","9","4370","1638","474","2258"
"465.2","Acute pharyngitis","9","871","340","105","426"
"465.4","Acute laryngitis and tracheitis","9","385","128","43","214"
"472","Chronic pharyngitis and nasopharyngitis","9","118","51","2","65"
"473","Diseases of the larynx and vocal cords","9","2635","1072","230","1333"
"473.3","Paralysis/spasm of vocal cords or larynx","9","1258","508","93","657"
"473.4","Voice disturbance","9","629","275","79","275"
"474","Acute and chronic tonsillitis","9","73","26","12","35"
"475","Chronic sinusitis","9","1277","488","113","676"
"475.9","Postnasal drip","9","69","25","10","34"
"476","Allergic rhinitis","9","670","247","67","356"
"477","Epistaxis or throat hemorrhage","9","1699","602","147","950"
"478","Throat pain","9","202","60","21","121"
"479","Other upper respiratory disease","9","4972","1895","555","2522"
"480","Pneumonia","9","45937","18287","5098","22552"
"480.1","Bacterial pneumonia","9","11522","4475","1578","5469"
"480.11","Pneumococcal pneumonia","9","603","280","92","231"
"480.12","Pseudomonal pneumonia","9","1772","693","201","878"
"480.13","MRSA pneumonia","9","1594","545","301","748"
"480.2","Viral pneumonia","9","514","218","29","267"
"480.3","Pneumonia due to fungus (mycoses)","9","1676","559","236","881"
"480.5","Bronchopneumonia and lung abscess","9","896","250","112","534"
"481","Influenza","9","2860","1042","260","1558"
"483","Acute bronchitis and bronchiolitis","9","1198","460","129","609"
"495","Asthma","9","18917","7822","2190","8905"
"495.1","Chronic obstructive asthma","9","3474","1557","310","1607"
"495.11","Chronic obstructive asthma with exacerbation","9","806","344","115","347"
"495.2","Asthma with exacerbation","9","4018","1651","428","1939"
"496","Chronic airway obstruction","9","27515","11452","2725","13338"
"496.1","Emphysema","9","2985","1309","274","1402"
"496.2","Chronic bronchitis","9","7382","2994","652","3736"
"496.21","Obstructive chronic bronchitis","9","7224","2942","607","3675"
"496.3","Bronchiectasis","9","1354","529","106","719"
"497","Bronchitis","9","844","346","133","365"
"498","Acute bronchospasm","9","157","83","25","49"
"499","Cystic fibrosis","9","106","26","0","80"
"500","Lung disease due to external agents","9","752","343","51","358"
"500.1","Extrinsic allergic alveolitis","9","95","59","4","32"
"500.2","Pneumoconiosis","9","262","130","13","119"
"501","Pneumonitis due to inhalation of food or vomitus","9","14414","5887","1489","7038"
"502","Postinflammatory pulmonary fibrosis","9","1974","810","167","997"
"503","Pulmonary congestion and hypostasis","9","3343","1449","291","1603"
"504","Other alveolar and parietoalveolar pneumonopathy","9","1019","417","61","541"
"504.1","Idiopathic fibrosing alveolitis","9","600","240","9","351"
"505","Other pulmonary inflamation or edema","9","3143","1123","393","1627"
"506","Empyema and pneumothorax","9","10647","4080","1359","5208"
"507","Pleurisy; pleural effusion","9","23235","9219","2695","11321"
"508","Pulmonary collapse; interstitial and compensatory emphysema","9","11341","4508","1006","5827"
"509","Respiratory failure, insufficiency, arrest","9","51014","20288","5631","25095"
"509.1","Respiratory failure","9","38638","15137","4468","19033"
"509.2","Respiratory insufficiency","9","1973","812","189","972"
"509.3","Pulmonary insufficiency or respiratory failure following trauma and surgery","9","7752","3331","711","3710"
"509.5","Respiratory arrest","9","119","63","8","48"
"509.8","Dependence on respirator [Ventilator] or supplemental oxygen","9","6538","2465","764","3309"
"510","Other diseases of lung","9","1621","627","132","862"
"512","Other symptoms of respiratory system","9","18677","7632","1881","9164"
"512.1","Wheezing","9","425","158","43","224"
"512.2","Painful respiration","9","1110","448","126","536"
"512.7","Shortness of breath","9","6411","2735","632","3044"
"512.8","Cough","9","6265","2538","590","3137"
"512.9","Other dyspnea","9","7333","2939","783","3611"
"513","Respiratory abnormalities","9","3343","1326","356","1661"
"513.3","Hypoventilation","9","1829","787","288","754"
"513.31","Apnea","9","398","166","63","169"
"513.32","Orthopnea","9","60","27","10","23"
"513.4","Hyperventilation","9","763","321","29","413"
"513.8","Disorders of diaphragm","9","837","252","80","505"
"514","Abnormal findings examination of lungs","9","4049","1691","360","1998"
"514.2","Solitary pulmonary nodule","9","2831","1159","200","1472"
"516","Abnormal sputum","9","2370","1013","236","1121"
"516.1","Hemoptysis","9","2300","973","234","1093"
"519","Other diseases of respiratory system, not elsewhere classified","9","12827","4964","1524","6339"
"519.1","Tracheostomy complications","9","1249","429","111","709"
"519.2","Respiratory complications","9","11168","4332","1338","5498"
"519.8","Other diseases of respiratory system, NEC","9","176","59","27","90"
"519.9","Symptoms involving respiratory system and other chest symptoms","9","610","198","57","355"
"521","Diseases of hard tissues of teeth","10","911","401","65","445"
"521.1","Dental caries","10","874","381","64","429"
"522","Diseases of pulp and periapical tissues","10","240","97","12","131"
"522.5","Periapical abscess","10","199","66","12","121"
"523","Gingival and periodontal diseases","10","630","270","51","309"
"523.3","Periodontitis (acute or chronic)","10","326","199","31","96"
"523.31","Acute periodontitis","10","308","189","27","92"
"525","Other diseases of the teeth and supporting structures","10","428","141","29","258"
"525.1","Loss of teeth or edentulism","10","54","26","5","23"
"526","Diseases of the jaws","10","358","147","37","174"
"526.4","Temporomandibular joint disorders","10","70","28","6","36"
"527","Diseases of the salivary glands","10","343","67","36","240"
"527.2","Sialoadenitis","10","132","37","1","94"
"527.7","Disturbance of salivary secretion","10","205","27","33","145"
"528","Diseases of the oral soft tissues, excluding lesions specific for gingiva and tongue","10","1334","478","189","667"
"528.1","Stomatitis and mucositis","10","785","269","115","401"
"528.11","Stomatitis and mucositis (ulcerative)","10","185","58","49","78"
"528.12","Oral aphthae","10","134","64","11","59"
"528.3","Cellulitis and abscess of oral soft tissues","10","151","109","8","34"
"528.5","Diseases of lips","10","85","31","7","47"
"529","Diseases and other conditions of the tongue","10","184","91","9","84"
"529.1","Glossitis","10","103","56","2","45"
"530","Diseases of esophagus","10","40127","16202","3939","19986"
"530.1","Esophagitis, GERD and related diseases","10","34987","14126","3422","17439"
"530.11","GERD","10","32552","13152","3162","16238"
"530.12","Ulcer of esophagus","10","649","288","45","316"
"530.13","Barrett's esophagus","10","1390","447","248","695"
"530.14","Reflux esophagitis","10","221","95","31","95"
"530.2","Esophageal bleeding (varices/hemorrhage)","10","4819","2080","497","2242"
"530.3","Stricture and stenosis of esophagus","10","1191","421","114","656"
"530.5","Disorders of esophageal motility","10","787","326","84","377"
"530.6","Diverticulum of esophagus, acquired","10","134","57","5","72"
"530.7","Gastroesophageal laceration-hemorrhage syndrome","10","304","176","24","104"
"530.9","Heartburn","10","93","50","4","39"
"531","Peptic ulcer (excl. esophageal)","10","5324","2323","553","2448"
"531.1","Hemorrhage from gastrointestinal ulcer","10","1797","779","182","836"
"531.2","Gastric ulcer","10","1270","654","144","472"
"531.3","Duodenal ulcer","10","879","343","69","467"
"531.4","Peptic ulcer, site unspecified","10","1570","734","147","689"
"531.5","Gastrojejunal ulcer","10","168","61","23","84"
"532","Dysphagia","10","9043","3498","842","4703"
"535","Gastritis and duodenitis","10","3222","1417","323","1482"
"535.1","Acute gastritis","10","147","99","9","39"
"535.2","Atrophic gastritis","10","234","138","16","80"
"535.6","Duodenitis","10","654","300","67","287"
"535.8","Other specified gastritis","10","605","192","125","288"
"535.9","Gastritis and duodenitis, NOS","10","1820","823","112","885"
"536","Disorders of function of stomach","10","3353","1440","291","1622"
"536.3","Gastroparesis","10","2003","808","188","1007"
"536.7","Complications of gastrostomy, colostomy and enterostomy","10","995","430","98","467"
"536.8","Dyspepsia and other specified disorders of function of stomach","10","382","228","13","141"
"537","Other disorders of stomach and duodenum","10","4433","1919","394","2120"
"537.1","Lesions of stomach and duodenum","10","749","264","32","453"
"539","Bariatric surgery","10","2087","859","232","996"
"540","Appendiceal conditions","10","492","159","46","287"
"540.1","Appendicitis","10","482","159","46","277"
"540.11","Acute appendicitis","10","350","131","28","191"
"550","Abdominal hernia","10","5814","2216","541","3057"
"550.1","Inguinal hernia","10","570","220","27","323"
"550.2","Diaphragmatic hernia","10","2775","1041","228","1506"
"550.4","Umbilical hernia","10","862","271","93","498"
"550.5","Ventral hernia","10","688","312","49","327"
"550.6","Incisional hernia","10","754","252","96","406"
"555","Inflammatory bowel disease and other gastroenteritis and colitis","10","2746","1162","254","1330"
"555.1","Regional enteritis","10","1507","617","122","768"
"555.2","Ulcerative colitis","10","1239","545","132","562"
"555.21","Ulcerative colitis (chronic)","10","228","117","28","83"
"556","Ulceration of the lower GI tract","10","849","373","93","383"
"556.1","Ulceration of intestine","10","612","224","59","329"
"556.11","Angiodysplasia of intestine (without mention of hemorrhage)","10","362","168","59","135"
"557","Intestinal malabsorption (non-celiac)","10","817","298","125","394"
"557.1","Celiac disease","10","570","254","19","297"
"558","Noninfectious gastroenteritis","10","1674","745","203","726"
"559","Ileostomy status","10","1048","363","99","586"
"560","Intestinal obstruction without mention of hernia","10","10571","4428","1007","5136"
"560.1","Paralytic ileus","10","6680","2738","617","3325"
"560.2","Impaction of intestine","10","139","82","9","48"
"560.3","Peritoneal or intestinal adhesions","10","918","303","169","446"
"560.4","Other intestinal obstruction","10","3546","1505","366","1675"
"561","Symptoms involving digestive system","10","12224","4713","1405","6106"
"561.1","Diarrhea","10","11240","4325","1294","5621"
"561.2","Flatulence","10","489","189","44","256"
"562","Diverticulosis and diverticulitis","10","4310","1579","388","2343"
"562.1","Diverticulosis","10","3309","1204","335","1770"
"562.2","Diverticulitis","10","1030","394","56","580"
"563","Constipation","10","10805","4270","1204","5331"
"564","Functional digestive disorders","10","1837","724","249","864"
"564.1","Irritable Bowel Syndrome","10","1209","456","160","593"
"564.9","Personal history of diseases of digestive system","10","224","104","43","77"
"565","Anal and rectal conditions","10","934","404","81","449"
"565.1","Anal and rectal polyp","10","80","20","4","56"
"567","Peritonitis and retroperitoneal infections","10","6341","2833","558","2950"
"568","Other disorders of peritoneum","10","3348","1398","322","1628"
"568.1","Peritoneal adhesions (postoperative) (postinfection)","10","1905","799","138","968"
"569","Other disorders of intestine","10","4348","2006","413","1929"
"569.1","Toxic gastroenteritis and colitis","10","329","136","18","175"
"569.2","Gastrointestinal complications","10","1503","737","121","645"
"571","Chronic liver disease and cirrhosis","10","15276","6244","1384","7648"
"571.5","Other chronic nonalcoholic liver disease","10","8902","3552","796","4554"
"571.51","Cirrhosis of liver without mention of alcohol","10","6645","2658","571","3416"
"571.6","Primary biliary cirrhosis","10","259","102","2","155"
"571.8","Liver abscess and sequelae of chronic liver disease","10","9670","4097","824","4749"
"571.81","Portal hypertension","10","6005","2655","564","2786"
"572","Ascites (non malignant)","10","8911","3537","903","4471"
"573","Other disorders of liver","10","17229","7177","1560","8492"
"573.1","Chronic passive congestion of liver","10","702","320","23","359"
"573.2","Liver replaced by transplant","10","1948","919","146","883"
"573.4","Acute and subacute necrosis of liver","10","5902","2521","488","2893"
"573.5","Jaundice (not of newborn)","10","1360","495","210","655"
"573.6","Nonspecific elevation of levels of transaminase or lactic acid dehydrogenase [LDH]","10","5478","2287","528","2663"
"573.7","Abnormal results of function study of liver","10","449","147","58","244"
"573.9","Abnormal serum enzyme levels","10","1165","406","113","646"
"574","Cholelithiasis and cholecystitis","10","4825","1868","673","2284"
"574.1","Cholelithiasis","10","2051","757","279","1015"
"574.11","Cholelithiasis with acute cholecystitis","10","392","122","46","224"
"574.12","Cholelithiasis with other cholecystitis","10","343","144","27","172"
"574.2","Calculus of bile duct","10","1327","575","141","611"
"574.3","Cholecystitis without cholelithiasis","10","1458","546","253","659"
"575","Other biliary tract disease","10","5154","2138","598","2418"
"575.1","Cholangitis","10","2384","912","314","1158"
"575.2","Obstruction of bile duct","10","2026","880","235","911"
"575.7","Other disorders of gallbladder","10","350","107","41","202"
"575.8","Other disorders of biliary tract","10","1600","776","155","669"
"577","Diseases of pancreas","10","6444","2603","762","3079"
"577.1","Acute pancreatitis","10","3917","1558","431","1928"
"577.2","Chronic pancreatitis","10","1699","729","319","651"
"577.3","Cyst and pseudocyst of pancreas","10","1090","465","164","461"
"578","Gastrointestinal hemorrhage","10","9189","3589","875","4725"
"578.1","Hematemesis","10","1433","561","179","693"
"578.2","Blood in stool","10","2480","854","233","1393"
"578.8","Hemorrhage of rectum and anus","10","826","350","49","427"
"578.9","Hemorrhage of gastrointestinal tract","10","4685","1894","446","2345"
"579","Other symptoms involving abdomen and pelvis","10","1541","633","181","727"
"579.2","Splenomegaly","10","538","185","42","311"
"579.8","Nonspecific abnormal findings in stool contents","10","839","376","124","339"
"580","Nephritis; nephrosis; renal sclerosis","11","4382","1524","416","2442"
"580.1","Glomerulonephritis","11","983","359","52","572"
"580.12","Non-proliferative glomerulonephritis","11","152","51","28","73"
"580.13","Acute glomerulonephritis, NOS","11","534","211","10","313"
"580.14","Chronic glomerulonephritis, NOS","11","235","82","2","151"
"580.2","Nephrotic syndrome without mention of glomerulonephritis","11","212","94","25","93"
"580.3","Nephritis and nephropathy without mention of glomerulonephritis","11","3079","1038","337","1704"
"580.31","Nephritis and nephropathy in diseases classified elsewhere","11","2113","747","266","1100"
"580.32","Nephritis and nephropathy with pathological lesion","11","976","300","72","604"
"580.4","Renal sclerosis, NOS","11","211","65","33","113"
"585","Renal failure","11","69578","27749","7488","34341"
"585.1","Acute renal failure","11","52750","21073","5494","26183"
"585.2","Renal failure NOS","11","297","126","25","146"
"585.3","Chronic renal failure [CKD]","11","35161","13961","3792","17408"
"585.31","Renal dialysis","11","6321","2398","803","3120"
"585.32","End stage renal disease","11","10270","4073","1266","4931"
"585.33","Chronic Kidney Disease, Stage III","11","8317","3214","866","4237"
"585.34","Chronic Kidney Disease, Stage IV","11","2522","872","389","1261"
"585.4","Chronic kidney disease, Stage I or II","11","860","304","66","490"
"586","Other disorders of the kidney and ureters","11","2813","1139","238","1436"
"586.2","Cyst of kidney, acquired","11","319","119","33","167"
"586.3","Vascular disorders of kidney/hypertrophy","11","491","181","53","257"
"586.4","Stricture/obstruction of ureter","11","493","251","44","198"
"587","Kidney replaced by transpant","11","4194","1543","571","2080"
"588","Disorders resulting from impaired renal function","11","1267","467","158","642"
"588.1","Renal osteodystrophy","11","83","46","5","32"
"588.2","Secondary hyperparathyroidism (of renal origin)","11","815","300","132","383"
"589","Abnormal results of function study of kidney","11","138","48","23","67"
"590","Pyelonephritis","11","1897","877","152","868"
"591","Urinary tract infection","11","32088","13012","3140","15936"
"592","Cystitis and urethritis","11","668","280","99","289"
"592.1","Cystitis","11","632","270","98","264"
"592.11","Acute cystitis","11","137","74","2","61"
"593","Hematuria","11","4325","1577","422","2326"
"593.1","Gross hematuria","11","1939","799","194","946"
"593.2","Microscopic hematuria","11","381","130","35","216"
"594","Urinary calculus","11","2294","1045","165","1084"
"594.1","Calculus of kidney","11","1016","439","48","529"
"594.2","Calculus of lower urinary tract","11","77","42","9","26"
"594.3","Calculus of ureter","11","298","121","8","169"
"595","Hydronephrosis","11","1645","809","78","758"
"596","Other disorders of bladder","11","2042","840","217","985"
"596.1","Bladder neck obstruction","11","175","93","31","51"
"596.5","Functional disorders of bladder","11","1387","560","116","711"
"597","Other disorders of urethra and urinary tract","11","1499","610","148","741"
"597.1","Urethral stricture (not specified as infectious)","11","259","54","70","135"
"597.2","Urinary complications NEC","11","1105","499","75","531"
"598","Abnormal findings on examination of urine","11","763","348","66","349"
"598.9","Other nonspecific findings on examination of urine","11","726","311","66","349"
"599","Other symptoms/disorders or the urinary system","11","16047","6338","1488","8221"
"599.1","Urinary obstruction","11","371","158","52","161"
"599.2","Retention of urine","11","9646","4021","866","4759"
"599.3","Dysuria","11","511","259","48","204"
"599.4","Urinary incontinence","11","2613","972","216","1425"
"599.5","Frequency of urination and polyuria","11","539","221","32","286"
"599.6","Oliguria and anuria","11","2444","730","323","1391"
"599.8","Other symptoms involving urinary system","11","77","41","6","30"
"599.9","Other abnormality of urination","11","310","101","23","186"
"600","Hyperplasia of prostate","11","10525","4112","932","5481"
"601","Inflammatory diseases of prostate","11","602","241","106","255"
"601.1","Prostatitis","11","291","141","23","127"
"601.11","Acute prostatitis","11","93","60","3","30"
"601.3","Orchitis and epididymitis","11","72","36","0","36"
"601.4","Balanoposthitis","11","69","24","11","34"
"601.8","Other inflammatory disorders of male genital organs","11","176","44","72","60"
"603","Other disorders of testis","11","174","78","7","89"
"603.1","Hydrocele","11","150","75","3","72"
"604","Disorders of penis","11","511","165","120","226"
"604.1","Redundant prepuce and phimosis/BXO","11","244","52","74","118"
"605","Erectile dysfunction [ED]","11","570","219","78","273"
"608","Other disorders of male genital organs","11","641","170","130","341"
"611","Abnormal findings on mammogram or breast exam","11","149","67","13","69"
"611.3","Lump or mass in breast","11","112","38","13","61"
"612","Breast conditions, congenital or relating to hormones","11","102","57","0","45"
"612.2","Hypertrophy of breast (Gynecomastia)","11","100","57","0","43"
"613","Other nonmalignant breast conditions","11","274","116","27","131"
"613.1","Inflammatory disease of breast","11","143","66","16","61"
"613.5","Mastodynia","11","80","23","4","53"
"614","Inflammatory diseases of female pelvic organs","11","618","293","67","258"
"614.3","Pelvic inflammatory disease (PID)","11","218","53","41","124"
"614.5","Inflammatory disease of cervix, vagina, and vulva","11","274","159","20","95"
"614.52","Vaginitis and vulvovaginitis","11","186","117","15","54"
"615","Endometriosis","11","98","33","11","54"
"617","Disorders secondary to childbirth, surgery, trauma","11","145","21","67","57"
"618","Genital prolapse","11","139","75","20","44"
"619","Noninflammatory female genital disorders","11","383","178","54","151"
"619.1","Noninflammatory disorders of ovary, fallopian tube, and broad ligament","11","82","46","0","36"
"619.4","Noninflammatory disorders of vagina","11","239","112","49","78"
"624","Symptoms involving female genital tract","11","185","61","30","94"
"624.9","stress incontinence, female","11","147","50","30","67"
"625","Pain and other symptoms associated with female genital organs","11","119","42","4","73"
"626","Disorders of menstruation and other abnormal bleeding from female genital tract","11","416","184","33","199"
"626.1","Irregular menstrual cycle/bleeding","11","305","141","21","143"
"626.11","Absent or infrequent menstruation","11","92","35","0","57"
"626.12","Excessive or frequent menstruation","11","135","72","11","52"
"627","Menopausal and postmenopausal disorders","11","234","114","30","90"
"627.1","Postmenopausal bleeding","11","106","36","25","45"
"628","Ovarian cyst","11","277","79","32","166"
"635","Hemorrhage during pregnancy; childbirth and postpartum","12","64","34","3","27"
"635.3","Placenta previa and abruptio placenta","12","58","31","3","24"
"642","Hypertension complicating pregnancy, childbirth, and the puerperium","12","105","46","9","50"
"642.1","Preeclampsia and eclampsia","12","79","35","7","37"
"644","Anemia during pregnancy","12","100","37","9","54"
"646","Other complications of pregnancy NEC","12","57","28","4","25"
"647","Infectious and parasitic complications affecting pregnancy","12","133","55","13","65"
"647.1","Infections of genitourinary tract during pregnancy","12","66","30","6","30"
"649","Other conditions or status of the mother complicating pregnancy, childbirth, or the puerperium","12","271","110","17","144"
"654","Other and unspecified complications of birth; puerperium affecting management of mother","12","82","43","5","34"
"655","Known or suspected fetal abnormality affecting management of mother","12","74","33","8","33"
"655.1","Abnormality in fetal heart rate or rhythm","12","64","30","8","26"
"669","Complications of labor and delivery NEC","12","60","27","5","28"
"671","Venous/cerebrovascular complications embolism in pregnancy and the puerperium","12","67","30","5","32"
"674","Other complications of the puerperium NEC","12","94","29","11","54"
"681","Superficial cellulitis and abscess","13","8606","3497","1007","4102"
"681.1","Cellulitis and abscess of fingers/toes","13","424","230","24","170"
"681.2","Cellulitis and abscess of face/neck","13","525","219","25","281"
"681.3","Cellulitis and abscess of arm/hand","13","1359","560","227","572"
"681.5","Cellulitis and abscess of leg, except foot","13","3775","1454","442","1879"
"681.6","Cellulitis and abscess of foot, toe","13","598","213","88","297"
"681.7","Cellulitis and abscess of trunk","13","1994","927","121","946"
"686","Other local infections of skin and subcutaneous tissue","13","532","219","46","267"
"686.1","Carbuncle and furuncle","13","46","25","0","21"
"686.5","Pyoderma","13","75","31","3","41"
"687","Symptoms affecting skin","13","4517","1859","540","2118"
"687.1","Rash and other nonspecific skin eruption","13","2282","981","298","1003"
"687.2","Localized superficial swelling, mass, or lump","13","97","46","10","41"
"687.4","Disturbance of skin sensation","13","2066","811","234","1021"
"689","Disorder of skin and subcutaneous tissue NOS","13","672","317","63","292"
"690","Erythematosquamous dermatosis","13","93","30","17","46"
"690.1","Seborrheic dermatitis","13","93","30","17","46"
"694","Dyschromia and Vitiligo","13","151","55","3","93"
"694.1","Vitiligo","13","92","33","2","57"
"695","Erythematous conditions","13","2887","1136","332","1419"
"695.3","Rosacea","13","159","95","27","37"
"695.4","Lupus (localized and systemic)","13","1658","570","208","880"
"695.41","Cutaneous lupus erythematosus","13","51","29","2","20"
"695.42","Systemic lupus erythematosus","13","1608","542","206","860"
"695.7","Prurigo and Lichen","13","121","34","7","80"
"695.8","Other specified erythematous conditions","13","486","250","43","193"
"695.9","Unspecified erythematous condition","13","335","163","32","140"
"696","Psoriasis and related disorders","13","1779","624","191","964"
"696.4","Psoriasis","13","1772","622","190","960"
"696.41","Psoriasis vulgaris","13","1321","454","166","701"
"696.42","Psoriatic arthropathy","13","457","170","25","262"
"697","Sarcoidosis","13","1141","438","101","602"
"698","Pruritus and related conditions","13","962","422","66","474"
"701","Other hypertrophic and atrophic conditions of skin","13","324","187","21","116"
"701.2","Scar conditions and fibrosis of skin","13","147","90","2","55"
"702","Degenerative skin conditions and other dermatoses","13","250","90","24","136"
"702.1","Actinic keratosis","13","79","37","4","38"
"702.2","Seborrheic keratosis","13","76","20","1","55"
"703","Diseases of nail, NOS","13","163","75","13","75"
"703.1","Ingrowing nail","13","88","40","4","44"
"704","Diseases of hair and hair follicles","13","538","151","29","358"
"704.1","Alopecia","13","94","28","4","62"
"704.8","Other specified diseases of hair and hair follicles","13","365","104","20","241"
"705","Disorders of sweat glands","13","538","183","72","283"
"705.3","Hidradenitis","13","61","26","12","23"
"705.8","Hyperhidrosis","13","276","114","47","115"
"706","Diseases of sebaceous glands","13","200","84","39","77"
"706.2","Sebaceous cyst","13","67","31","6","30"
"706.8","Other specified diseases of sebaceous glands","13","65","38","6","21"
"707","Chronic ulcer of skin","13","12165","4929","1275","5961"
"707.1","Decubitus ulcer","13","8044","3379","815","3850"
"707.2","Chronic ulcer of leg or foot","13","4418","1684","558","2176"
"707.3","Chronic ulcer of unspecified site","13","680","281","67","332"
"709","Diffuse diseases of connective tissue","13","856","258","100","498"
"709.2","Sicca syndrome","13","313","118","36","159"
"709.3","Systemic sclerosis","13","266","84","32","150"
"709.4","Polymyositis","13","63","20","0","43"
"709.5","Dermatomyositis","13","96","34","3","59"
"710","Osteomyelitis, periostitis, and other infections involving bone","14","3311","1204","527","1580"
"710.1","Osteomyelitis","14","3310","1203","527","1580"
"710.11","Acute osteomyelitis","14","856","310","201","345"
"710.12","Chronic osteomyelitis","14","915","291","143","481"
"710.19","Unspecified osteomyelitis","14","1636","622","219","795"
"711","Arthropathy associated with infections","14","1002","412","128","462"
"711.1","Pyogenic arthritis","14","876","356","113","407"
"711.3","Behcet's syndrome","14","63","24","0","39"
"712","Infective connective tissue disorders","14","816","269","138","409"
"713","Arthropathy associated with other disorders classified elsewhere","14","376","152","61","163"
"713.5","Arthropathy associated with neurological disorders","14","345","144","59","142"
"714","Rheumatoid arthritis and other inflammatory polyarthropathies","14","2835","1116","235","1484"
"714.1","Rheumatoid arthritis","14","2666","1084","203","1379"
"715","Other inflammatory spondylopathies","14","445","126","69","250"
"715.2","Ankylosing spondylitis","14","292","87","65","140"
"716","Other arthropathies","14","1274","559","102","613"
"716.9","Arthropathy NOS","14","1199","510","95","594"
"717","Polymyalgia Rheumatica","14","1125","479","61","585"
"720","Spinal stenosis","14","2948","1263","289","1396"
"720.1","Spinal stenosis of lumbar region","14","1342","549","139","654"
"721","Spondylosis and allied disorders","14","2831","1116","314","1401"
"721.1","Spondylosis without myelopathy","14","2280","851","276","1153"
"721.2","Spondylosis with myelopathy","14","425","184","25","216"
"721.8","Other allied disorders of spine","14","106","56","9","41"
"722","Intervertebral disc disorders","14","2079","797","181","1101"
"722.1","Displacement of intervertebral disc","14","716","270","40","406"
"722.6","Degeneration of intervertebral disc","14","508","200","59","249"
"722.7","Intervertebral disc disorder with myelopathy","14","255","86","42","127"
"722.9","Other and unspecified disc disorder","14","655","260","43","352"
"723","Other disorders of cervical region","14","123","45","16","62"
"723.1","Torticollis","14","82","23","16","43"
"724","Other and unspecified disorders of back","14","194","92","9","93"
"724.8","Other symptoms referable to back","14","96","49","7","40"
"726","Peripheral enthesopathies and allied syndromes","14","565","208","69","288"
"726.1","Enthesopathy","14","216","88","24","104"
"726.3","Bursitis","14","103","33","31","39"
"727","Other disorders of synovium, tendon, and bursa","14","395","158","24","213"
"727.1","Synovitis and tenosynovitis","14","200","92","11","97"
"727.5","Rupture of synovium","14","92","37","4","51"
"728","Disorders of muscle, ligament, and fascia","14","143","59","15","69"
"728.7","Fasciitis","14","68","40","5","23"
"729","Other disorders of soft tissues","14","2174","867","286","1021"
"729.3","Panniculitis","14","85","22","29","34"
"729.7","Nontraumatic compartment syndrome","14","760","317","52","391"
"731","Osteitis deformans and osteopathies associated with other disorders classified elsewhere","14","606","249","117","240"
"733","Other disorders of bone and cartilage","14","1619","628","225","766"
"733.4","Aseptic necrosis of bone","14","412","181","46","185"
"733.6","Costochondritis","14","199","55","16","128"
"733.8","Malunion and nonunion of fracture","14","236","90","25","121"
"735","Acquired foot deformities","14","846","272","61","513"
"736","Other acquired deformities of limbs","14","129","35","10","84"
"737","Curvature of spine","14","1278","519","113","646"
"737.1","Kyphosis (acquired)","14","367","113","67","187"
"737.3","Kyphoscoliosis and scoliosis","14","881","394","46","441"
"738","Other acquired musculoskeletal deformity","14","366","181","37","148"
"738.4","Acquired spondylolisthesis","14","239","125","8","106"
"739","Contracture of joint","14","124","65","3","56"
"740","Osteoarthrosis","14","7687","3254","729","3704"
"740.1","Osteoarthritis; localized","14","1790","746","227","817"
"740.11","Osteoarthrosis, localized, primary","14","510","208","72","230"
"740.3","Osteoarthrosis involving more than one site, but not specified as generalized","14","129","48","4","77"
"740.9","Osteoarthrosis NOS","14","5801","2477","522","2802"
"741","Symptoms and disorders of the joints","14","993","409","123","461"
"741.3","Difficulty in walking","14","477","190","35","252"
"741.4","Joint effusions","14","356","138","55","163"
"741.5","Hemarthrosis","14","83","36","15","32"
"742","Derangement of joint, non-traumatic","14","53","29","3","21"
"743","Osteoporosis, osteopenia and pathological fracture","14","11436","4294","1437","5705"
"743.1","Osteoporosis","14","7224","2750","860","3614"
"743.11","Osteoporosis NOS","14","7021","2670","837","3514"
"743.13","Other specified osteoporosis","14","192","68","23","101"
"743.2","Pathologic fracture","14","2806","943","413","1450"
"743.21","Pathologic fracture of vertebrae","14","1523","411","235","877"
"743.22","Pathologic fracture of femur","14","137","57","10","70"
"743.9","Osteopenia or other disorder of bone and cartilage","14","2251","931","228","1092"
"745","Pain in joint","14","4394","1849","414","2131"
"747","Cardiac and circulatory congenital anomalies","15","2846","929","442","1475"
"747.1","Cardiac congenital anomalies","15","2372","782","398","1192"
"747.11","Cardiac shunt/ heart septal defect","15","1449","435","277","737"
"747.12","Valvular heart disease/ heart chambers","15","605","280","58","267"
"747.13","Congenital anomalies of great vessels","15","97","45","12","40"
"747.2","Congenital anomalies of peripheral vascular system","15","402","124","36","242"
"748","Anomalies of respiratory system, congenital","15","167","95","16","56"
"750","Digestive congenital anomalies","15","574","254","138","182"
"750.1","Upper gastrointestinal congenital anomalies","15","214","140","37","37"
"750.11","Esophageal atresia/tracheoesophageal fistula","15","181","125","35","21"
"750.2","Lower gastrointestinal congenital anomalies","15","362","111","108","143"
"750.21","Congenital anomalies of intestine","15","142","45","41","56"
"750.22","Congenital anomaly of gallbladder, bile ducts, liver, pancreas","15","209","56","66","87"
"751","Genitourinary congenital anomalies","15","985","407","131","447"
"751.1","Congenital anomalies of genital organs","15","53","22","0","31"
"751.2","Congenital anomalies of urinary system","15","906","370","131","405"
"751.21","Cystic kidney disease","15","549","194","102","253"
"751.22","Other specified congenital anomalies of kidney","15","327","172","6","149"
"752","Nervous system congenital anomalies","15","231","70","16","145"
"752.2","Other specified congenital anomalies of nervous system","15","145","51","12","82"
"754","Congenital musculoskeletal deformities of spine","15","124","41","18","65"
"754.2","Spondylolisthesis, congenital","15","105","36","14","55"
"755","Congenital anomalies of limbs","15","62","20","4","38"
"756","Other congenital musculoskeletal anomalies","15","193","82","27","84"
"758","Chromosomal anomalies and genetic disorders","15","383","89","43","251"
"758.1","Chromosomal anomalies","15","321","57","41","223"
"759","Other and unspecified congenital anomalies","15","205","131","5","69"
"760","Back pain","17","8193","3040","987","4166"
"761","Cervicalgia","17","1455","602","157","696"
"763","Thoracic or lumbosacral neuritis or radiculitis, unspecified","17","384","172","35","177"
"764","Sciatica","17","671","285","51","335"
"765","Cervical radiculitis","17","199","62","7","130"
"766","Neuralgia, neuritis, and radiculitis NOS","17","133","33","33","67"
"770","Myalgia and myositis unspecified","17","2656","1084","266","1306"
"771","Musculoskeletal symptoms referable to limbs","17","3601","1565","351","1685"
"771.1","Swelling of limb","17","1495","673","144","678"
"771.2","Cramp of limb","17","96","39","18","39"
"772","Symptoms of the muscles","17","5826","2383","665","2778"
"772.1","Muscular wasting and disuse atrophy","17","81","34","10","37"
"772.2","Spasm of muscle","17","380","182","67","131"
"772.3","Muscle weakness","17","482","161","87","234"
"772.4","Rhabdomyolysis","17","1914","802","160","952"
"772.6","Facial weakness","17","2871","1166","347","1358"
"773","Pain in limb","17","2874","1185","339","1350"
"780","Hypothermia/Chills","17","1022","455","96","471"
"781","Symptoms involving nervous and musculoskeletal systems","17","329","189","53","87"
"782","Symptoms involving skin and other integumentary tissue","17","3201","1345","289","1567"
"782.3","Edema","17","3147","1309","287","1551"
"783","Fever of unknown origin","17","17031","6856","1900","8275"
"783.1","Postprocedural fever","17","1394","522","188","684"
"785","Abdominal pain","17","13357","5410","1341","6606"
"788","Syncope and collapse","17","7345","2831","689","3825"
"789","Nausea and vomiting","17","9697","3695","1101","4901"
"789.1","Persistent vomiting","17","199","57","35","107"
"790","Nonspecific findings on examination of blood","17","1555","575","232","748"
"790.6","Other abnormal blood chemistry","17","1089","365","149","575"
"791","Gangrene","17","679","337","47","295"
"793","Nonspecific abnormal findings on radiological and other examination of musculoskeletal system","17","88","29","5","54"
"793.2","Nonspecific abnormal findings on radiological and other examination of other intrathoracic organs (echocardiogram, etc)","17","74","27","5","42"
"796","Elevated prostate specific antigen [PSA]","11","157","70","30","57"
"797","Shock","17","10675","4291","1121","5263"
"797.1","Cardiogenic shock","17","5954","2206","629","3119"
"798","Malaise and fatigue","17","7735","3249","732","3754"
"799","Debility unspecified","17","89","49","18","22"
"800","Fracture of lower limb","18","3798","1622","393","1783"
"800.1","Fracture of neck of femur","18","1329","601","137","591"
"800.2","Fracture of unspecified part of femur","18","1155","482","103","570"
"800.3","Fracture of tibia and fibula","18","1250","502","143","605"
"800.4","Fracture of patella","18","249","94","21","134"
"801","Fracture of ankle and foot","18","1231","568","160","503"
"801.1","Fracture of foot","18","802","370","68","364"
"802","Fracture of pelvis","18","1732","726","272","734"
"803","Fracture of upper limb","18","3912","1672","347","1893"
"803.1","Fracture of humerus","18","978","470","28","480"
"803.2","Fracture of radius and ulna","18","1348","592","135","621"
"803.3","Fracture of clavicle or scapula","18","1896","822","191","883"
"804","Fracture of hand or wrist","18","622","286","57","279"
"805","Fracture of vertebral column without mention of spinal cord injury","18","5168","2071","493","2604"
"807","Fracture of ribs","18","7009","2685","664","3660"
"809","Fracture of unspecified bones","18","1297","509","150","638"
"816","Cerebral laceration and contusion","18","601","188","124","289"
"817","Concussion","18","229","78","17","134"
"818","Intracranial hemorrhage (injury)","18","3839","1395","407","2037"
"818.1","Subdural hemorrhage (injury)","18","1203","453","99","651"
"818.2","Subarachnoid hemorrhage (injury)","18","1021","476","50","495"
"819","Skull and face fracture and other intercranial injury","18","4660","1896","372","2392"
"830","Dislocation","18","811","292","86","433"
"840","Sprains and strains","18","809","396","65","348"
"840.3","Joint/ligament sprain","18","187","82","15","90"
"841","Sprains and strains of back and neck","18","568","214","45","309"
"842","Other sprains and strains","18","118","41","24","53"
"850","Hemorrhage or hematoma complicating a procedure","18","6094","2412","686","2996"
"851","Complications of transplants and reattached limbs","18","10026","4005","1185","4836"
"853","Complication of colostomy or enterostomy","18","702","281","116","305"
"854","Complications of cardiac/vascular device, implant, and graft","18","6149","2322","714","3113"
"855","Complication of nervous system device, implant, and graft","18","246","90","36","120"
"856","Vascular complications of surgery and medical procedures","18","2068","941","239","888"
"857","Mechanical complication of unspecified genitourinary device, implant, and graft","18","583","243","68","272"
"858","Complication of internal orthopedic device","18","796","366","93","337"
"859","Complication due to other implant and internal device","18","1966","651","292","1023"
"860","Bone marrow or stem cell transplant","2","1977","865","149","963"
"870","Open wounds of head; neck; and trunk","18","3884","1638","339","1907"
"870.1","Open wound or laceration of eye or eyelid","18","285","111","9","165"
"870.2","Open wound of ear","18","262","90","14","158"
"870.3","Other open wound of head and face","18","2388","1021","232","1135"
"870.4","Open wound of nose and sinus","18","178","62","4","112"
"870.5","Open wound of lip and mouth","18","657","234","74","349"
"870.6","Open wound of neck","18","245","60","10","175"
"871","Open wounds of extremities","18","1589","655","151","783"
"871.1","Open wound of hand except finger(s)","18","187","63","35","89"
"871.2","Open wound of finger(s)","18","149","92","8","49"
"871.3","Open wound of foot except toe(s) alone","18","63","21","3","39"
"873","Broken tooth","18","338","174","33","131"
"874","Complication of amputation stump","18","537","245","36","256"
"875","Non-healing surgical wound","18","179","67","18","94"
"907","Injuries to the nervous system","18","636","319","38","279"
"911","Blister","18","127","57","26","44"
"915","Superficial injury without mention of infection","18","1847","761","105","981"
"916","Contusion","18","3965","1610","426","1929"
"930","Allergic reaction to food","18","98","39","9","50"
"939","Atopic/contact dermatitis due to other or unspecified","13","4181","1626","435","2120"
"942","Infusion and transfusion reaction","18","580","235","40","305"
"946","Anaphylactic shock NOS","18","185","69","19","97"
"947","Urticaria","13","252","97","28","127"
"949","Allergies, other","18","343","149","9","185"
"952","Spinal cord injury without evidence of spinal bone injury","18","470","153","30","287"
"958","Certain early complications of trauma or procedure","18","5152","1987","548","2617"
"958.1","Postoperative shock","18","2076","776","303","997"
"958.2","Traumatic and surgical subcutaneous emphysema","18","1554","578","148","828"
"960","Poisoning by antibiotics","18","5197","1870","565","2762"
"960.1","Adverse effects of antibacterials (not penicillins)","18","2062","772","196","1094"
"960.2","Allergy/adverse effect of penicillin","18","1189","369","122","698"
"960.3","Poisoning by antifungal antibiotics","18","220","131","26","63"
"961","Poisoning by other anti-infectives","18","1541","669","122","750"
"961.1","Poisoning/allergy of sulfonamides","18","770","328","72","370"
"962","Poisoning by hormones and synthetic substitutes","18","3379","1294","365","1720"
"962.1","Adrenal cortical steroids causing adverse effects in therapeutic use","18","2153","890","231","1032"
"962.2","Insulins and antidiabetic agents causing adverse effects in therapeutic use","18","284","84","22","178"
"962.3","Hormones and synthetic substitutes causing adverse effects in therapeutic use","18","922","305","105","512"
"963","Poisoning by primarily systemic agents","18","5044","1916","584","2544"
"963.1","Antineoplastic and immunosuppressive drugs causing adverse effects","18","4833","1875","564","2394"
"964","Poisoning by agents primarily affecting blood constituents","18","5036","1883","586","2567"
"964.1","Anticoagulants causing adverse effects","18","4608","1772","538","2298"
"965","Poisoning by analgesics, antipyretics, and antirheumatics","18","3996","1806","347","1843"
"965.1","Opiates and related narcotics causing adverse effects in therapeutic use","18","2730","1205","243","1282"
"965.3","Salicylates causing adverse effects in therapeutic use","18","64","26","7","31"
"966","Poisoning by anticonvulsants and anti-Parkinsonism drugs","18","866","392","76","398"
"967","Adverse effects of sedatives or other central nervous system depressants and anesthetics","18","1757","693","141","923"
"969","Poisoning by psychotropic agents","18","2112","893","160","1059"
"971","Poisoning by drugs primarily affecting the autonomic nervous system","18","370","229","20","121"
"972","Poisoning by agents primarily affecting the cardiovascular system","18","1440","545","145","750"
"972.1","Cardiac rhythm regulators causing adverse effects in therapeutic use","18","473","226","20","227"
"972.2","Antilipemic and antiarteriosclerotic drugs causing adverse effects in therapeutic use","18","61","24","10","27"
"972.6","Antihypertensive agents causing adverse effects","18","578","167","77","334"
"974","Poisoning by water, mineral, and uric acid metabolism drugs","18","1254","418","103","733"
"975","Poisoning by agents primarily acting on the smooth and skeletal muscles and respiratory system","18","176","96","29","51"
"976","Poisoning by agents primarily affecting skin & mucous membrane, ophthalmological, otorhinolaryngological, & dental drugs","18","63","30","6","27"
"977","Personal history of allergy to medicinal agents","18","226","58","46","122"
"979","Adverse drug events and drug allergies","18","5286","1989","450","2847"
"980","Encounter for long-term (current) use of antibiotics","1","547","293","67","187"
"981","Toxic effect of (non-ethyl) alcohol and petroleum and other solvents","18","112","42","10","60"
"983","Toxic effect of corrosive aromatics, acids, and caustic alkalis","18","115","23","4","88"
"990","Effects radiation NOS","18","6565","2635","759","3171"
"994","Sepsis and SIRS","18","31312","12550","3500","15262"
"994.1","Systemic inflammatory response syndrome (SIRS)","18","1162","428","114","620"
"994.2","Sepsis","18","30282","12132","3405","14745"
"994.21","Septic shock","18","17274","7046","1866","8362"
"1001","Foreign body injury","0","1335","458","113","764"
"1002","Symptoms concerning nutrition, metabolism, and development","0","385","140","65","180"
"1005","Other symptoms","0","66","29","5","32"
"1007","Injury to blood vessels","0","254","66","10","178"
"1008","Crushing or internal injury to organs","0","1476","467","212","797"
"1009","Injury, NOS","0","648","236","102","310"
"1010","Other tests","0","30220","12040","3175","15005"
"1010.6","","","77","34","5","38"
"1010.7","","","23259","9264","2456","11539"
"1011","Complications of surgical and medical procedures","0","2848","933","396","1519"
"1013","Asphyxia and hypoxemia","0","3261","1281","306","1674"
"1015","Effects of other external causes","0","2635","1147","211","1277"
"1089","","","855","358","69","428"
"1090","","","1374","573","151","650"
"1100","Family history","0","2291","975","267","1049"
